username,followers,following,posts,likes,account_age_days,bio_length,username_length,profile_picture,verified,follower_following_ratio,comment,word_count,emoji_count,hashtag_count,url_present,spam_keyword_count,uppercase_count,duplicate_comment,mentions_count,promotional_keyword_count,post_frequency,login_frequency,message_frequency,activity_score,spam
user_000,82,1412,0,4467,32,26,8,0,0,0.0581,crypto,1,4,6,1,1,0,1,0,3,5,7,30,65,1
user_001,72,2128,10,2278,54,150,8,1,0,0.0338,crypto,1,0,2,1,1,5,1,3,3,21,9,20,28,1
user_002,44,1337,1,355,46,67,8,0,0,0.0329,free offer,2,3,8,1,1,0,1,3,4,5,18,38,81,1
user_003,47,2075,1,827,30,59,8,1,0,0.0227,earn money,2,2,7,1,1,5,1,2,4,10,12,46,27,1
user_004,90,1084,9,3108,69,118,8,0,0,0.083,crypto,1,5,8,1,1,1,1,5,3,20,2,30,5,1
user_005,52,2693,1,3758,41,101,8,1,0,0.0193,giveaway,1,2,2,1,1,1,1,5,3,35,18,34,96,1
user_006,75,3771,5,898,66,12,8,0,0,0.0199,giveaway,1,5,2,1,1,5,1,3,5,38,3,50,49,1
user_007,60,4834,4,2786,88,68,8,0,0,0.0124,investment,1,2,6,1,1,1,1,3,2,0,9,65,98,1
user_008,14,2944,10,4418,26,41,8,1,0,0.0048,investment,1,4,0,1,1,4,1,2,3,31,1,15,47,1
user_009,40,2461,0,4363,11,17,8,1,0,0.0163,giveaway,1,1,2,1,1,5,1,3,2,35,6,34,68,1
user_010,55,2235,8,3059,89,102,8,1,0,0.0246,dm now,2,4,7,1,1,0,1,1,3,14,3,44,3,1
user_011,30,2304,0,257,81,17,8,1,0,0.013,earn money,2,2,1,1,1,4,1,1,2,17,16,28,70,1
user_012,74,4372,3,3531,53,24,8,0,0,0.0169,dm now,2,3,6,1,1,3,1,5,3,3,4,8,52,1
user_013,14,2536,3,2281,58,46,8,1,0,0.0055,giveaway,1,1,1,1,1,3,1,4,3,6,2,84,70,1
user_014,12,2436,2,1348,62,15,8,0,0,0.0049,free offer,2,0,6,1,1,2,1,3,3,18,14,90,94,1
user_015,72,4486,2,499,28,138,8,0,0,0.016,giveaway,1,2,0,1,1,0,1,4,2,30,17,68,21,1
user_016,66,1156,2,4666,9,30,8,1,0,0.0571,earn money,2,4,9,1,1,0,1,4,3,5,14,85,75,1
user_017,41,2636,3,1072,41,101,8,1,0,0.0156,crypto,1,5,4,1,1,3,1,2,3,48,3,2,59,1
user_018,73,1319,1,563,65,89,8,0,0,0.0553,investment,1,1,5,1,1,2,1,1,4,28,18,91,39,1
user_019,84,4833,0,945,39,67,8,1,0,0.0174,crypto,1,0,8,1,1,1,1,2,2,18,20,27,92,1
user_020,88,2662,8,2266,7,108,8,0,0,0.0331,free offer,2,0,5,1,1,1,1,5,2,16,6,95,57,1
user_021,55,579,1,4771,20,94,8,1,0,0.095,earn money,2,1,6,1,1,1,1,0,6,19,12,6,46,1
user_022,32,1342,5,1331,53,60,8,1,0,0.0238,dm now,2,1,6,1,1,0,1,1,6,47,11,53,86,1
user_023,32,2685,2,1822,14,120,8,1,0,0.0119,dm now,2,3,5,1,1,2,1,1,5,14,1,85,25,1
user_024,36,1068,4,226,66,84,8,1,0,0.0337,click link,2,2,2,1,1,4,1,2,5,2,4,77,56,1
user_025,41,4074,9,363,50,65,8,0,0,0.0101,investment,1,3,0,1,1,4,1,4,6,43,7,47,56,1
user_026,86,3204,9,3345,16,79,8,1,0,0.0268,click link,2,3,4,1,1,4,1,1,4,12,14,86,49,1
user_027,23,2965,6,4751,39,110,8,0,0,0.0078,investment,1,5,5,1,1,3,1,3,4,28,7,66,61,1
user_028,95,1890,10,1924,66,23,8,0,0,0.0503,earn money,2,2,3,1,1,1,1,1,6,1,2,32,61,1
user_029,99,1096,7,3273,74,126,8,1,0,0.0903,free offer,2,1,10,1,1,5,1,0,3,48,4,100,55,1
user_030,90,4743,7,3806,32,34,8,1,0,0.019,earn money,2,4,8,1,1,4,1,2,2,48,15,79,93,1
user_031,55,4988,7,2271,61,63,8,1,0,0.011,giveaway,1,4,7,1,1,5,1,1,5,17,15,10,92,1
user_032,35,3251,5,1251,18,98,8,0,0,0.0108,investment,1,1,1,1,1,3,1,3,3,21,18,60,54,1
user_033,54,3690,9,2881,74,1,8,0,0,0.0146,crypto,1,3,6,1,1,4,1,5,5,47,18,78,29,1
user_034,35,4070,7,1045,44,119,8,0,0,0.0086,earn money,2,4,0,1,1,3,1,4,5,36,1,11,83,1
user_035,60,1988,0,2764,42,83,8,0,0,0.0302,click link,2,3,4,1,1,3,1,2,3,5,16,3,96,1
user_036,45,2336,10,166,6,51,8,1,0,0.0193,earn money,2,1,3,1,1,1,1,3,2,42,4,73,28,1
user_037,33,3521,2,4740,15,27,8,1,0,0.0094,investment,1,2,9,1,1,5,1,3,3,25,7,10,76,1
user_038,81,2489,1,336,88,144,8,0,0,0.0325,crypto,1,4,6,1,1,5,1,2,6,4,17,83,44,1
user_039,54,4515,1,1442,82,111,8,0,0,0.012,free offer,2,4,10,1,1,2,1,4,5,34,16,60,56,1
user_040,76,2698,5,3806,12,62,8,0,0,0.0282,dm now,2,4,10,1,1,3,1,2,4,1,16,42,24,1
user_041,46,2616,5,4232,90,2,8,1,0,0.0176,click link,2,1,1,1,1,1,1,5,4,26,16,72,98,1
user_042,61,4520,7,1993,12,103,8,0,0,0.0135,dm now,2,5,9,1,1,2,1,3,4,35,17,45,55,1
user_043,71,3209,5,988,35,59,8,0,0,0.0221,crypto,1,1,5,1,1,0,1,5,4,34,6,25,28,1
user_044,36,4797,9,1469,25,92,8,0,0,0.0075,click link,2,0,8,1,1,1,1,2,4,2,2,71,38,1
user_045,17,4521,1,3608,74,122,8,0,0,0.0038,dm now,2,1,0,1,1,2,1,3,4,7,3,52,63,1
user_046,81,939,2,4571,39,30,8,1,0,0.0863,giveaway,1,3,9,1,1,4,1,4,2,14,17,49,58,1
user_047,39,4012,4,1728,8,53,8,1,0,0.0097,investment,1,5,1,1,1,1,1,1,6,11,18,10,21,1
user_048,58,4349,4,1912,37,18,8,0,0,0.0133,earn money,2,2,10,1,1,4,1,5,4,12,14,15,70,1
user_049,20,2676,2,2364,22,145,8,0,0,0.0075,earn money,2,0,7,1,1,5,1,2,4,44,13,35,65,1
user_050,57,1158,9,748,42,6,8,0,0,0.0492,earn money,2,5,9,1,1,4,1,0,6,48,9,74,6,1
user_051,23,4354,8,4028,36,111,8,0,0,0.0053,crypto,1,0,7,1,1,2,1,3,3,21,11,86,14,1
user_052,43,3872,7,721,52,116,8,1,0,0.0111,click link,2,2,5,1,1,0,1,3,6,32,1,85,70,1
user_053,7,2036,8,2187,64,52,8,1,0,0.0034,click link,2,1,4,1,1,3,1,5,5,31,4,4,81,1
user_054,31,1797,4,929,71,57,8,0,0,0.0173,investment,1,0,10,1,1,1,1,3,5,45,10,66,91,1
user_055,62,4368,3,1118,19,130,8,1,0,0.0142,free offer,2,0,4,1,1,3,1,2,5,50,17,35,1,1
user_056,39,4511,2,4451,62,141,8,1,0,0.0086,free offer,2,3,5,1,1,1,1,5,4,15,19,50,30,1
user_057,53,857,5,303,49,126,8,0,0,0.0618,crypto,1,4,9,1,1,2,1,0,5,28,4,68,59,1
user_058,19,3858,10,657,61,101,8,0,0,0.0049,giveaway,1,2,10,1,1,4,1,3,4,20,16,70,5,1
user_059,31,2854,3,3634,56,25,8,0,0,0.0109,crypto,1,5,4,1,1,0,1,0,2,20,2,38,46,1
user_060,19,2500,8,646,88,44,8,1,0,0.0076,free offer,2,3,9,1,1,5,1,1,3,31,19,19,30,1
user_061,33,4264,4,605,60,40,8,0,0,0.0077,crypto,1,2,9,1,1,2,1,5,4,27,9,59,39,1
user_062,50,4458,1,2418,74,75,8,0,0,0.0112,giveaway,1,5,6,1,1,2,1,0,4,36,2,78,96,1
user_063,37,2385,9,1120,29,64,8,0,0,0.0155,dm now,2,0,10,1,1,5,1,0,3,19,15,5,75,1
user_064,17,1238,4,4418,54,33,8,1,0,0.0137,click link,2,2,8,1,1,4,1,2,3,10,9,62,38,1
user_065,44,1443,7,739,29,93,8,0,0,0.0305,earn money,2,3,0,1,1,2,1,4,5,7,15,48,87,1
user_066,34,3621,10,4599,87,6,8,0,0,0.0094,click link,2,4,3,1,1,5,1,0,3,40,15,90,39,1
user_067,15,1645,0,4403,64,60,8,0,0,0.0091,earn money,2,3,7,1,1,2,1,5,2,47,18,54,76,1
user_068,20,3898,10,3035,79,8,8,0,0,0.0051,earn money,2,3,7,1,1,1,1,2,5,6,12,70,83,1
user_069,51,2760,3,414,12,5,8,0,0,0.0185,earn money,2,2,3,1,1,1,1,4,3,13,3,98,71,1
user_070,28,2408,5,1064,77,37,8,0,0,0.0116,dm now,2,2,2,1,1,0,1,5,2,1,5,2,46,1
user_071,31,3152,0,931,7,134,8,0,0,0.0098,giveaway,1,0,7,1,1,3,1,2,3,32,19,14,58,1
user_072,79,855,10,3290,59,122,8,0,0,0.0924,investment,1,5,1,1,1,3,1,5,2,28,3,11,42,1
user_073,9,1533,4,4893,75,97,8,1,0,0.0059,investment,1,2,7,1,1,4,1,4,6,27,4,90,15,1
user_074,84,2261,6,3407,53,102,8,0,0,0.0372,free offer,2,0,5,1,1,3,1,2,4,42,9,48,20,1
user_075,61,1049,1,1065,12,95,8,0,0,0.0582,dm now,2,0,9,1,1,4,1,4,5,21,4,53,46,1
user_076,97,3964,0,4156,40,147,8,1,0,0.0245,click link,2,1,10,1,1,3,1,1,4,6,12,72,48,1
user_077,36,2352,6,4988,80,6,8,1,0,0.0153,dm now,2,5,4,1,1,0,1,1,6,17,10,44,45,1
user_078,19,3783,1,1762,82,135,8,1,0,0.005,giveaway,1,3,7,1,1,2,1,1,2,23,10,93,42,1
user_079,73,1195,0,3629,80,69,8,0,0,0.0611,giveaway,1,3,7,1,1,4,1,3,2,26,9,28,97,1
user_080,45,4021,1,2526,87,134,8,1,0,0.0112,click link,2,1,6,1,1,4,1,0,6,0,7,39,28,1
user_081,98,2593,4,1058,1,44,8,0,0,0.0378,click link,2,4,3,1,1,4,1,4,5,42,12,10,51,1
user_082,6,4073,0,3313,41,146,8,0,0,0.0015,free offer,2,5,6,1,1,2,1,0,6,25,1,42,22,1
user_083,80,4269,5,3280,14,150,8,0,0,0.0187,earn money,2,0,6,1,1,2,1,5,3,21,8,43,100,1
user_084,66,1434,8,842,45,60,8,0,0,0.046,investment,1,2,3,1,1,1,1,4,4,9,3,23,99,1
user_085,60,4177,10,1236,82,80,8,1,0,0.0144,investment,1,0,7,1,1,3,1,5,6,19,9,76,8,1
user_086,10,3042,7,739,8,19,8,0,0,0.0033,free offer,2,4,8,1,1,3,1,3,4,37,18,95,6,1
user_087,74,2042,5,847,65,115,8,0,0,0.0362,investment,1,2,1,1,1,4,1,5,3,11,2,32,91,1
user_088,57,4793,8,3348,47,99,8,0,0,0.0119,investment,1,2,10,1,1,4,1,0,4,50,11,9,43,1
user_089,87,3666,4,667,85,85,8,1,0,0.0237,click link,2,5,2,1,1,2,1,2,6,41,13,17,77,1
user_090,11,3036,8,3468,43,23,8,1,0,0.0036,free offer,2,2,0,1,1,2,1,2,3,11,7,44,99,1
user_091,29,1626,2,309,13,134,8,0,0,0.0178,earn money,2,2,9,1,1,1,1,4,6,24,5,21,24,1
user_092,99,1856,7,3677,47,72,8,0,0,0.0533,earn money,2,4,3,1,1,2,1,3,3,12,12,87,74,1
user_093,60,2808,6,2048,54,35,8,1,0,0.0214,investment,1,5,7,1,1,2,1,4,3,6,17,16,37,1
user_094,21,2734,7,2863,56,115,8,0,0,0.0077,investment,1,0,6,1,1,0,1,3,2,32,12,31,50,1
user_095,48,2339,0,313,84,35,8,0,0,0.0205,click link,2,3,2,1,1,5,1,3,4,28,20,1,11,1
user_096,28,1724,8,1946,68,73,8,1,0,0.0162,crypto,1,0,0,1,1,1,1,3,5,40,20,59,9,1
user_097,64,4891,0,3516,74,74,8,1,0,0.0131,crypto,1,4,5,1,1,1,1,4,3,26,6,86,86,1
user_098,47,1054,8,3851,65,99,8,1,0,0.0446,investment,1,5,6,1,1,2,1,2,6,47,1,46,9,1
user_099,94,1349,9,2773,18,139,8,0,0,0.0697,crypto,1,5,2,1,1,5,1,3,2,44,16,81,24,1
user_100,9,4249,0,2540,6,80,8,0,0,0.0021,click link,2,3,8,1,1,3,1,2,3,2,7,37,46,1
user_101,7,3219,4,2777,56,98,8,0,0,0.0022,earn money,2,1,7,1,1,5,1,3,5,23,17,35,11,1
user_102,11,4027,9,655,70,26,8,0,0,0.0027,dm now,2,5,4,1,1,2,1,3,4,38,14,22,89,1
user_103,58,846,5,2976,36,103,8,0,0,0.0686,investment,1,5,10,1,1,1,1,0,2,9,20,87,57,1
user_104,9,2433,10,3685,50,39,8,0,0,0.0037,click link,2,2,5,1,1,3,1,0,6,36,5,68,47,1
user_105,84,2783,3,4601,24,99,8,0,0,0.0302,earn money,2,2,4,1,1,5,1,3,5,13,20,37,89,1
user_106,63,2139,1,2618,58,22,8,0,0,0.0295,giveaway,1,2,1,1,1,4,1,4,3,18,10,21,92,1
user_107,90,1926,5,4047,16,60,8,0,0,0.0467,investment,1,2,8,1,1,4,1,2,3,29,18,17,79,1
user_108,9,3033,6,4709,62,104,8,1,0,0.003,crypto,1,1,5,1,1,5,1,0,6,28,15,88,67,1
user_109,100,1990,2,2491,8,39,8,1,0,0.0503,free offer,2,1,5,1,1,5,1,1,2,22,17,37,11,1
user_110,82,2748,2,1381,79,128,8,0,0,0.0298,crypto,1,4,2,1,1,1,1,5,6,39,20,44,73,1
user_111,4,1165,0,248,34,106,8,1,0,0.0034,crypto,1,5,8,1,1,2,1,5,3,19,16,32,88,1
user_112,59,1097,0,2786,54,52,8,0,0,0.0538,giveaway,1,1,5,1,1,5,1,2,5,46,12,52,17,1
user_113,66,1369,5,1154,16,63,8,0,0,0.0482,giveaway,1,0,4,1,1,3,1,4,4,26,8,21,42,1
user_114,93,3061,3,2527,64,127,8,0,0,0.0304,dm now,2,0,1,1,1,3,1,4,6,29,8,28,75,1
user_115,7,2804,7,66,87,137,8,1,0,0.0025,investment,1,0,6,1,1,1,1,2,5,46,12,98,52,1
user_116,52,919,9,3164,47,18,8,0,0,0.0566,investment,1,3,8,1,1,2,1,4,6,43,20,16,17,1
user_117,51,3557,5,3288,19,130,8,0,0,0.0143,investment,1,0,0,1,1,0,1,1,3,45,11,61,67,1
user_118,78,4723,2,4863,41,76,8,1,0,0.0165,click link,2,4,8,1,1,4,1,3,3,45,19,39,61,1
user_119,48,3213,10,4889,75,6,8,0,0,0.0149,earn money,2,2,10,1,1,4,1,4,4,14,2,75,62,1
user_120,81,3614,2,1562,32,28,8,1,0,0.0224,dm now,2,3,5,1,1,3,1,1,2,26,7,53,65,1
user_121,61,1010,2,3086,72,134,8,0,0,0.0604,investment,1,1,7,1,1,4,1,2,4,34,12,87,99,1
user_122,88,2665,9,1842,32,76,8,0,0,0.033,free offer,2,2,4,1,1,5,1,1,4,44,16,41,62,1
user_123,93,2740,4,2827,87,101,8,1,0,0.0339,earn money,2,1,4,1,1,0,1,2,6,45,3,45,57,1
user_124,96,4424,3,894,35,35,8,1,0,0.0217,giveaway,1,5,9,1,1,1,1,1,6,3,17,29,82,1
user_125,13,3885,5,1293,13,140,8,0,0,0.0033,crypto,1,5,7,1,1,3,1,5,3,12,10,42,37,1
user_126,99,1232,10,1440,69,106,8,0,0,0.0804,investment,1,0,6,1,1,3,1,1,2,47,10,5,2,1
user_127,78,1379,5,1099,83,126,8,0,0,0.0566,click link,2,4,7,1,1,2,1,1,6,7,11,21,94,1
user_128,33,2025,0,3321,38,44,8,0,0,0.0163,crypto,1,3,8,1,1,2,1,0,6,25,4,24,18,1
user_129,32,555,4,4771,58,77,8,0,0,0.0577,free offer,2,4,0,1,1,2,1,5,4,23,8,8,86,1
user_130,40,1808,6,3010,40,75,8,1,0,0.0221,crypto,1,1,3,1,1,1,1,3,2,9,15,96,78,1
user_131,90,4999,7,4304,86,20,8,1,0,0.018,dm now,2,4,5,1,1,0,1,4,3,7,2,71,65,1
user_132,69,1727,2,4004,57,149,8,1,0,0.04,click link,2,4,7,1,1,0,1,3,2,8,17,54,59,1
user_133,72,4287,10,1785,3,0,8,0,0,0.0168,dm now,2,0,0,1,1,3,1,2,5,44,3,70,8,1
user_134,9,4367,0,3133,24,95,8,0,0,0.0021,click link,2,3,6,1,1,0,1,5,3,42,18,18,84,1
user_135,16,1962,8,2444,17,5,8,1,0,0.0082,free offer,2,5,8,1,1,3,1,4,3,24,8,32,59,1
user_136,36,2044,1,1688,54,61,8,1,0,0.0176,earn money,2,0,9,1,1,0,1,3,6,38,2,32,95,1
user_137,57,2419,8,4719,18,59,8,0,0,0.0236,giveaway,1,4,9,1,1,5,1,2,6,15,10,19,85,1
user_138,53,2961,4,4553,76,109,8,1,0,0.0179,earn money,2,0,5,1,1,5,1,5,3,24,17,41,90,1
user_139,20,2956,6,1182,61,76,8,1,0,0.0068,giveaway,1,3,0,1,1,4,1,3,3,26,18,68,18,1
user_140,33,2165,5,1560,58,137,8,0,0,0.0152,crypto,1,2,6,1,1,5,1,4,4,38,2,10,25,1
user_141,76,2277,7,961,39,48,8,0,0,0.0334,giveaway,1,3,3,1,1,5,1,4,2,45,7,51,31,1
user_142,100,2818,6,2946,84,66,8,1,0,0.0355,free offer,2,3,7,1,1,0,1,5,4,30,11,27,48,1
user_143,6,2312,2,2418,71,106,8,0,0,0.0026,earn money,2,1,5,1,1,1,1,3,6,36,8,64,71,1
user_144,88,3265,4,2885,83,43,8,0,0,0.027,dm now,2,1,8,1,1,3,1,1,5,34,2,68,5,1
user_145,10,897,0,74,81,38,8,0,0,0.0111,free offer,2,4,7,1,1,2,1,0,3,39,20,62,85,1
user_146,1,4859,8,2348,3,137,8,0,0,0.0002,free offer,2,4,10,1,1,3,1,1,6,6,4,68,20,1
user_147,80,4812,4,3326,35,95,8,0,0,0.0166,dm now,2,4,3,1,1,5,1,1,5,19,3,84,84,1
user_148,12,3820,6,1403,61,2,8,1,0,0.0031,free offer,2,3,6,1,1,5,1,2,2,36,4,68,6,1
user_149,89,4395,4,269,88,144,8,0,0,0.0203,earn money,2,2,0,1,1,1,1,4,4,9,13,10,39,1
user_150,31,3687,10,2833,50,128,8,0,0,0.0084,investment,1,0,6,1,1,1,1,0,3,21,20,99,79,1
user_151,51,3173,0,4530,58,91,8,0,0,0.0161,crypto,1,3,6,1,1,1,1,5,5,37,13,11,99,1
user_152,32,1102,1,2954,49,81,8,0,0,0.029,click link,2,0,0,1,1,2,1,3,3,23,9,14,17,1
user_153,56,4176,8,2899,53,22,8,1,0,0.0134,investment,1,0,9,1,1,4,1,2,2,24,1,38,53,1
user_154,11,2488,9,2202,88,35,8,0,0,0.0044,investment,1,2,7,1,1,1,1,0,5,10,14,36,54,1
user_155,10,3458,4,3750,81,50,8,1,0,0.0029,giveaway,1,1,4,1,1,0,1,3,5,21,20,49,43,1
user_156,56,1615,4,1455,89,80,8,1,0,0.0347,click link,2,3,5,1,1,2,1,5,3,44,16,74,32,1
user_157,36,3718,5,4506,26,46,8,1,0,0.0097,earn money,2,5,7,1,1,5,1,1,6,28,10,89,9,1
user_158,53,4590,2,3088,31,108,8,0,0,0.0115,crypto,1,3,9,1,1,3,1,4,4,25,18,65,89,1
user_159,5,3445,8,1362,11,90,8,1,0,0.0015,investment,1,4,0,1,1,4,1,5,2,43,13,97,43,1
user_160,56,1367,0,4755,29,142,8,0,0,0.041,earn money,2,4,3,1,1,3,1,2,6,25,15,99,87,1
user_161,65,1734,5,950,14,21,8,0,0,0.0375,earn money,2,5,2,1,1,2,1,2,4,21,15,27,67,1
user_162,61,1299,7,366,58,76,8,1,0,0.047,crypto,1,5,1,1,1,0,1,2,4,41,4,87,22,1
user_163,95,2498,8,3785,21,109,8,1,0,0.038,giveaway,1,3,10,1,1,1,1,1,4,40,14,51,4,1
user_164,26,4182,9,512,1,71,8,0,0,0.0062,free offer,2,0,8,1,1,1,1,2,3,20,7,59,15,1
user_165,63,4823,10,935,50,150,8,1,0,0.0131,click link,2,2,7,1,1,4,1,1,6,43,10,79,76,1
user_166,18,3065,1,4184,15,36,8,0,0,0.0059,giveaway,1,3,9,1,1,1,1,4,3,24,14,24,63,1
user_167,89,1919,8,3694,37,80,8,0,0,0.0464,giveaway,1,0,5,1,1,0,1,3,3,8,7,50,72,1
user_168,64,3851,10,4631,57,21,8,0,0,0.0166,free offer,2,1,4,1,1,0,1,2,5,14,18,37,22,1
user_169,73,4557,8,3005,74,139,8,0,0,0.016,investment,1,0,7,1,1,4,1,1,2,27,4,95,84,1
user_170,39,764,7,1719,12,60,8,0,0,0.051,click link,2,5,9,1,1,5,1,2,5,45,20,81,55,1
user_171,18,2192,3,4889,73,71,8,0,0,0.0082,dm now,2,1,5,1,1,5,1,2,4,18,19,35,66,1
user_172,87,1280,2,2045,8,33,8,0,0,0.068,dm now,2,5,5,1,1,1,1,5,4,25,16,19,74,1
user_173,81,3893,6,2279,82,131,8,0,0,0.0208,free offer,2,2,7,1,1,3,1,2,2,37,1,100,94,1
user_174,59,3434,1,4052,51,54,8,1,0,0.0172,dm now,2,2,4,1,1,2,1,4,3,36,5,73,63,1
user_175,88,896,0,3615,59,40,8,1,0,0.0982,earn money,2,0,6,1,1,1,1,5,2,8,10,21,36,1
user_176,47,2551,1,2502,84,101,8,1,0,0.0184,click link,2,5,3,1,1,3,1,5,3,5,4,1,28,1
user_177,17,2352,8,3459,2,30,8,0,0,0.0072,crypto,1,1,7,1,1,0,1,1,2,24,3,94,14,1
user_178,48,2951,2,4614,83,135,8,0,0,0.0163,free offer,2,4,10,1,1,1,1,3,3,22,7,81,96,1
user_179,53,4124,3,2879,18,98,8,0,0,0.0129,earn money,2,3,5,1,1,1,1,1,2,17,3,32,71,1
user_180,93,2834,0,1545,39,130,8,1,0,0.0328,dm now,2,3,4,1,1,5,1,0,3,50,8,64,50,1
user_181,64,1081,8,3447,41,145,8,0,0,0.0592,earn money,2,4,10,1,1,1,1,3,3,49,3,3,76,1
user_182,34,2267,0,3403,65,128,8,0,0,0.015,earn money,2,5,6,1,1,0,1,5,4,34,18,79,20,1
user_183,40,1147,8,541,69,150,8,0,0,0.0349,giveaway,1,5,6,1,1,5,1,1,4,3,8,12,56,1
user_184,79,950,4,1124,85,3,8,1,0,0.0832,crypto,1,0,2,1,1,3,1,2,3,33,17,93,34,1
user_185,17,2701,1,523,43,134,8,0,0,0.0063,dm now,2,5,9,1,1,5,1,0,5,31,15,66,47,1
user_186,73,1867,5,4168,14,58,8,0,0,0.0391,giveaway,1,0,0,1,1,1,1,0,6,30,12,50,20,1
user_187,5,3935,3,4682,54,19,8,0,0,0.0013,click link,2,0,8,1,1,5,1,0,4,11,8,67,6,1
user_188,9,4310,4,65,42,116,8,0,0,0.0021,dm now,2,1,4,1,1,4,1,2,2,47,20,32,60,1
user_189,64,2100,8,1908,20,6,8,0,0,0.0305,dm now,2,2,10,1,1,5,1,0,2,21,1,98,85,1
user_190,95,3019,1,1166,31,15,8,1,0,0.0315,giveaway,1,2,1,1,1,0,1,1,5,33,14,90,48,1
user_191,96,1195,9,510,18,145,8,1,0,0.0803,earn money,2,5,2,1,1,1,1,2,5,16,11,51,90,1
user_192,42,3105,7,892,10,149,8,0,0,0.0135,click link,2,0,2,1,1,3,1,3,3,20,14,16,69,1
user_193,99,2200,7,2492,34,40,8,0,0,0.045,click link,2,5,9,1,1,0,1,1,2,20,5,12,92,1
user_194,46,3746,8,3312,39,7,8,1,0,0.0123,earn money,2,3,8,1,1,5,1,4,4,15,4,60,14,1
user_195,18,1494,0,688,17,95,8,0,0,0.012,earn money,2,4,4,1,1,0,1,0,3,4,7,83,57,1
user_196,12,3216,1,3235,7,110,8,0,0,0.0037,earn money,2,0,6,1,1,5,1,3,3,11,12,28,24,1
user_197,58,1717,0,3375,79,127,8,1,0,0.0338,investment,1,4,7,1,1,0,1,0,3,17,13,18,54,1
user_198,68,2541,10,4460,3,122,8,1,0,0.0268,dm now,2,3,5,1,1,4,1,4,5,20,13,35,24,1
user_199,77,2294,0,4784,8,91,8,0,0,0.0336,dm now,2,1,1,1,1,1,1,5,5,15,9,69,95,1
user_200,29,3681,5,2939,23,81,8,0,0,0.0079,dm now,2,4,0,1,1,5,1,5,3,22,19,73,19,1
user_201,25,4532,8,1905,63,14,8,0,0,0.0055,click link,2,1,0,1,1,4,1,3,2,0,11,79,26,1
user_202,44,1953,5,4311,19,28,8,0,0,0.0225,earn money,2,2,1,1,1,2,1,5,6,42,13,76,13,1
user_203,42,1617,2,4603,82,44,8,0,0,0.026,crypto,1,4,5,1,1,1,1,5,5,37,6,49,40,1
user_204,38,1543,2,265,90,145,8,0,0,0.0246,crypto,1,4,5,1,1,4,1,1,6,40,19,14,64,1
user_205,96,1137,3,3658,22,85,8,0,0,0.0844,click link,2,2,3,1,1,1,1,5,2,4,12,33,14,1
user_206,7,3661,7,2877,22,96,8,0,0,0.0019,crypto,1,3,1,1,1,3,1,4,5,41,8,21,58,1
user_207,5,2915,0,3075,14,43,8,0,0,0.0017,click link,2,5,1,1,1,4,1,0,2,21,20,79,62,1
user_208,56,1851,9,1556,7,52,8,0,0,0.0303,free offer,2,5,8,1,1,5,1,5,2,34,9,85,37,1
user_209,13,906,6,31,63,92,8,1,0,0.0143,investment,1,0,4,1,1,5,1,5,3,38,16,26,13,1
user_210,22,2890,1,2170,40,125,8,0,0,0.0076,free offer,2,5,8,1,1,3,1,1,5,23,13,48,24,1
user_211,34,4102,7,792,35,38,8,0,0,0.0083,click link,2,5,5,1,1,4,1,3,6,48,19,30,71,1
user_212,50,4780,6,2448,61,121,8,1,0,0.0105,investment,1,3,0,1,1,4,1,4,6,33,19,87,80,1
user_213,97,4178,2,641,25,108,8,0,0,0.0232,giveaway,1,3,3,1,1,5,1,1,3,38,9,41,94,1
user_214,9,1212,6,3753,71,133,8,0,0,0.0074,investment,1,0,9,1,1,4,1,4,4,50,14,15,54,1
user_215,73,1320,1,2163,37,105,8,0,0,0.0553,investment,1,5,7,1,1,4,1,4,6,30,2,23,36,1
user_216,80,3790,0,2200,89,121,8,0,0,0.0211,free offer,2,2,0,1,1,2,1,2,3,19,9,63,90,1
user_217,30,1600,4,1539,42,22,8,0,0,0.0187,crypto,1,1,6,1,1,5,1,3,4,48,17,48,8,1
user_218,21,1037,4,237,52,145,8,1,0,0.0203,crypto,1,1,3,1,1,0,1,1,3,2,15,7,47,1
user_219,36,3517,7,3051,82,61,8,0,0,0.0102,investment,1,4,7,1,1,1,1,3,2,37,18,45,45,1
user_220,34,1240,4,1813,7,54,8,0,0,0.0274,earn money,2,1,10,1,1,1,1,2,3,41,14,66,3,1
user_221,99,572,7,2067,23,57,8,1,0,0.1731,giveaway,1,2,10,1,1,2,1,3,6,24,12,59,33,1
user_222,39,4765,9,4599,14,95,8,1,0,0.0082,free offer,2,4,9,1,1,2,1,2,2,43,4,62,9,1
user_223,36,3163,4,4237,84,38,8,1,0,0.0114,click link,2,1,0,1,1,4,1,3,4,42,11,88,18,1
user_224,84,4574,4,4686,52,149,8,0,0,0.0184,click link,2,1,5,1,1,5,1,5,5,14,18,82,61,1
user_225,86,3436,8,799,85,75,8,0,0,0.025,click link,2,1,4,1,1,5,1,4,6,48,6,88,43,1
user_226,29,3410,3,4796,54,66,8,0,0,0.0085,crypto,1,3,1,1,1,3,1,0,4,40,19,75,80,1
user_227,25,4599,1,442,49,105,8,1,0,0.0054,dm now,2,1,2,1,1,1,1,2,6,26,19,59,19,1
user_228,92,1977,1,38,81,14,8,0,0,0.0465,free offer,2,2,3,1,1,1,1,4,3,48,6,63,98,1
user_229,17,4052,10,309,55,1,8,0,0,0.0042,free offer,2,1,5,1,1,0,1,2,5,48,17,25,3,1
user_230,81,2538,3,4123,40,98,8,0,0,0.0319,crypto,1,2,2,1,1,0,1,0,3,19,10,59,94,1
user_231,68,3267,6,1350,44,48,8,0,0,0.0208,crypto,1,3,0,1,1,1,1,1,5,46,5,28,94,1
user_232,65,1884,1,4380,84,65,8,1,0,0.0345,click link,2,0,9,1,1,0,1,5,2,6,1,7,89,1
user_233,57,3615,1,2466,61,2,8,0,0,0.0158,investment,1,5,1,1,1,5,1,4,3,17,20,78,90,1
user_234,14,4690,9,4988,15,50,8,0,0,0.003,earn money,2,2,8,1,1,1,1,2,2,45,14,38,21,1
user_235,64,2201,7,4703,1,28,8,0,0,0.0291,click link,2,3,2,1,1,0,1,4,2,4,4,33,83,1
user_236,38,2663,7,2561,23,92,8,0,0,0.0143,earn money,2,5,1,1,1,0,1,0,2,0,5,85,83,1
user_237,46,4085,9,932,12,46,8,1,0,0.0113,click link,2,3,7,1,1,2,1,3,4,44,16,54,84,1
user_238,22,1426,2,4839,8,106,8,1,0,0.0154,crypto,1,4,10,1,1,3,1,1,3,39,13,100,46,1
user_239,88,1570,7,2143,53,16,8,0,0,0.0561,free offer,2,2,0,1,1,5,1,5,5,33,19,93,73,1
user_240,86,3271,8,2036,90,110,8,1,0,0.0263,investment,1,2,10,1,1,5,1,5,6,24,5,72,79,1
user_241,83,1785,8,2626,64,125,8,0,0,0.0465,dm now,2,2,4,1,1,0,1,4,3,14,18,83,49,1
user_242,31,1145,7,2589,58,114,8,1,0,0.0271,free offer,2,3,10,1,1,0,1,0,2,25,14,5,72,1
user_243,12,2995,8,444,84,93,8,0,0,0.004,investment,1,1,7,1,1,2,1,4,5,49,20,77,61,1
user_244,47,4207,1,2391,29,90,8,1,0,0.0112,earn money,2,4,5,1,1,5,1,0,2,2,6,64,18,1
user_245,96,3852,1,1766,26,100,8,1,0,0.0249,click link,2,1,5,1,1,0,1,3,3,2,19,16,99,1
user_246,59,4630,2,4793,68,110,8,0,0,0.0127,free offer,2,4,2,1,1,5,1,4,2,11,5,14,50,1
user_247,78,3136,8,2808,78,101,8,0,0,0.0249,free offer,2,2,7,1,1,1,1,1,3,26,20,90,96,1
user_248,90,4987,5,2380,71,53,8,1,0,0.018,crypto,1,2,10,1,1,1,1,5,3,41,6,65,70,1
user_249,42,1445,5,2342,75,136,8,0,0,0.0291,investment,1,3,0,1,1,4,1,0,6,1,13,19,7,1
user_250,3375,596,389,2417,2979,15,8,1,1,5.6628,Great post!,2,2,0,0,0,1,0,3,1,6,20,87,95,0
user_251,9305,1821,119,3125,1153,12,8,1,1,5.1098,Keep it up!,3,1,10,0,0,1,0,4,1,3,1,96,33,0
user_252,3427,1320,449,4477,2775,150,8,1,0,2.5962,Thanks for sharing.,3,2,3,0,0,0,0,2,1,28,6,88,10,0
user_253,3163,405,381,4559,1725,71,8,1,0,7.8099,Amazing work!,2,0,2,0,0,1,0,0,0,21,15,91,20,0
user_254,754,364,480,4506,2741,146,8,1,0,2.0714,Loved this content.,3,0,5,0,0,0,0,1,1,33,3,65,21,0
user_255,6914,1162,279,2718,1611,54,8,1,0,5.9501,Thanks for sharing.,3,1,4,0,0,0,0,4,0,33,16,72,97,0
user_256,244,284,347,2629,1164,10,8,1,1,0.8592,Loved this content.,3,0,6,0,0,1,0,4,0,46,10,4,67,0
user_257,6243,1103,416,2624,2173,49,8,1,1,5.66,Amazing work!,2,0,1,0,0,0,0,4,0,34,1,81,9,0
user_258,3553,1422,327,590,605,111,8,1,1,2.4986,Great post!,2,2,2,0,0,0,0,3,0,45,11,5,12,0
user_259,1300,161,96,3339,2535,66,8,1,0,8.0745,Loved this content.,3,1,10,0,0,1,0,3,0,20,1,50,87,0
user_260,2038,1145,8,2930,2578,18,8,1,0,1.7799,Keep it up!,3,2,1,0,0,1,0,5,0,19,20,12,37,0
user_261,7270,831,207,1117,2121,56,8,1,0,8.7485,Keep it up!,3,1,8,0,0,1,0,5,0,9,10,87,94,0
user_262,6213,1994,10,4887,684,146,8,1,0,3.1158,Amazing work!,2,2,8,0,0,0,0,2,0,13,12,28,53,0
user_263,8497,341,87,1485,2706,29,8,1,0,24.9179,Great post!,2,2,0,0,0,1,0,5,1,35,3,38,86,0
user_264,1203,563,55,819,1535,60,8,1,1,2.1368,Great post!,2,2,1,0,0,0,0,2,1,31,15,43,79,0
user_265,5108,1470,304,2565,1475,1,8,1,1,3.4748,Great post!,2,0,10,0,0,1,0,2,1,23,5,87,94,0
user_266,5532,1847,250,891,1649,141,8,1,1,2.9951,Thanks for sharing.,3,2,9,0,0,0,0,2,1,8,18,26,34,0
user_267,1352,1539,43,300,2563,54,8,1,0,0.8785,Nice picture!,2,1,8,0,0,1,0,5,1,49,5,47,51,0
user_268,3758,1875,400,741,728,130,8,1,1,2.0043,Amazing work!,2,1,8,0,0,0,0,5,1,15,20,88,22,0
user_269,8523,337,233,2939,2499,123,8,1,0,25.2908,Great post!,2,0,7,0,0,0,0,0,0,16,12,30,6,0
user_270,3487,1110,469,326,2103,11,8,1,1,3.1414,Loved this content.,3,1,1,0,0,1,0,5,1,16,19,70,73,0
user_271,2948,821,339,3082,2587,64,8,1,1,3.5907,Thanks for sharing.,3,0,8,0,0,1,0,2,0,22,16,62,78,0
user_272,208,1077,456,2300,858,131,8,1,1,0.1931,Great post!,2,0,2,0,0,0,0,2,0,38,4,85,30,0
user_273,6893,1711,174,4839,2152,53,8,1,0,4.0286,Keep it up!,3,2,6,0,0,0,0,1,1,2,5,74,76,0
user_274,2739,325,327,2115,2524,42,8,1,0,8.4277,Amazing work!,2,0,8,0,0,1,0,4,0,36,1,93,94,0
user_275,4744,1989,48,1397,2664,123,8,1,1,2.3851,Great post!,2,1,9,0,0,0,0,4,1,49,6,80,85,0
user_276,8469,591,90,3157,2037,96,8,1,1,14.3299,Keep it up!,3,0,0,0,0,0,0,4,0,32,14,20,78,0
user_277,1677,413,248,1067,2356,123,8,1,0,4.0605,Amazing work!,2,2,8,0,0,0,0,5,0,41,14,67,54,0
user_278,6168,1841,27,2871,1119,97,8,1,1,3.3504,Keep it up!,3,2,9,0,0,0,0,3,1,8,9,62,99,0
user_279,3909,1913,444,44,2630,48,8,1,1,2.0434,Nice picture!,2,2,0,0,0,0,0,4,1,0,13,84,27,0
user_280,5275,887,190,3469,1925,137,8,1,0,5.947,Nice picture!,2,1,9,0,0,1,0,5,1,25,7,53,71,0
user_281,9235,1038,96,3261,1219,88,8,1,1,8.8969,Loved this content.,3,0,10,0,0,0,0,5,1,14,15,90,21,0
user_282,1742,489,265,43,2435,99,8,1,1,3.5624,Thanks for sharing.,3,0,2,0,0,1,0,4,0,27,3,9,34,0
user_283,3733,809,45,2346,1754,133,8,1,0,4.6143,Amazing work!,2,2,0,0,0,0,0,5,1,31,15,2,26,0
user_284,8589,635,104,2946,2699,9,8,1,0,13.526,Nice picture!,2,2,0,0,0,0,0,0,0,17,13,46,86,0
user_285,6574,880,305,4580,461,72,8,1,0,7.4705,Great post!,2,2,5,0,0,1,0,2,0,14,20,25,59,0
user_286,6718,1227,7,4121,1847,18,8,1,0,5.4751,Loved this content.,3,1,1,0,0,1,0,4,0,50,19,33,89,0
user_287,7354,822,293,4807,1571,117,8,1,0,8.9465,Thanks for sharing.,3,0,7,0,0,0,0,2,1,4,13,82,29,0
user_288,3867,1688,166,2033,2295,67,8,1,1,2.2909,Thanks for sharing.,3,0,6,0,0,1,0,0,0,35,6,61,41,0
user_289,5892,497,462,1923,928,51,8,1,1,11.8551,Amazing work!,2,0,4,0,0,0,0,1,0,12,8,80,46,0
user_290,2655,1645,59,4435,2948,1,8,1,0,1.614,Nice picture!,2,0,7,0,0,1,0,4,1,20,16,74,36,0
user_291,8141,424,396,1050,1809,147,8,1,1,19.2005,Amazing work!,2,2,6,0,0,1,0,4,0,2,17,45,51,0
user_292,2963,986,66,3108,1472,53,8,1,1,3.0051,Keep it up!,3,0,5,0,0,1,0,4,0,16,6,71,34,0
user_293,3985,601,246,1724,1678,108,8,1,1,6.6306,Amazing work!,2,2,5,0,0,1,0,3,0,17,15,24,74,0
user_294,2248,1229,356,3120,1285,110,8,1,0,1.8291,Great post!,2,0,2,0,0,1,0,0,0,11,14,64,18,0
user_295,8570,1143,373,390,1408,145,8,1,1,7.4978,Loved this content.,3,0,2,0,0,0,0,1,1,16,16,81,13,0
user_296,7470,1574,176,3373,1655,5,8,1,1,4.7459,Loved this content.,3,1,10,0,0,0,0,4,1,36,18,23,100,0
user_297,4763,777,171,3799,2010,73,8,1,1,6.13,Keep it up!,3,0,2,0,0,1,0,3,0,40,20,74,52,0
user_298,1268,212,87,2191,1464,74,8,1,0,5.9811,Loved this content.,3,2,6,0,0,1,0,3,1,49,12,96,76,0
user_299,8635,972,216,2061,274,60,8,1,0,8.8837,Great post!,2,2,1,0,0,0,0,1,0,25,4,13,9,0
user_300,7852,1173,32,1272,2326,67,8,1,1,6.6939,Nice picture!,2,2,6,0,0,1,0,1,0,15,10,57,81,0
user_301,2171,318,274,3900,323,83,8,1,0,6.827,Great post!,2,2,4,0,0,1,0,1,1,44,18,23,76,0
user_302,9890,985,328,3945,2324,88,8,1,1,10.0406,Keep it up!,3,0,1,0,0,1,0,2,1,23,14,34,20,0
user_303,5073,71,5,68,1588,136,8,1,0,71.4507,Amazing work!,2,1,7,0,0,1,0,0,1,49,14,38,77,0
user_304,3888,1681,8,3580,952,143,8,1,1,2.3129,Amazing work!,2,0,2,0,0,1,0,3,1,14,9,11,55,0
user_305,4024,1108,396,560,1346,48,8,1,1,3.6318,Amazing work!,2,0,4,0,0,0,0,5,1,29,20,58,35,0
user_306,8160,434,169,2311,383,26,8,1,0,18.8018,Nice picture!,2,0,7,0,0,0,0,1,0,5,5,2,64,0
user_307,3658,750,220,2705,1701,8,8,1,1,4.8773,Loved this content.,3,0,0,0,0,1,0,3,1,4,18,61,24,0
user_308,3248,1884,435,3152,231,63,8,1,1,1.724,Loved this content.,3,1,3,0,0,0,0,1,0,29,4,67,86,0
user_309,3515,1018,204,4502,1503,10,8,1,1,3.4528,Keep it up!,3,0,4,0,0,1,0,5,0,19,7,47,7,0
user_310,3668,281,125,4789,1509,70,8,1,1,13.0534,Keep it up!,3,1,3,0,0,0,0,0,0,37,16,89,77,0
user_311,2639,810,399,491,825,86,8,1,0,3.258,Nice picture!,2,1,10,0,0,0,0,5,1,34,4,17,63,0
user_312,3912,698,290,2934,1976,96,8,1,1,5.6046,Keep it up!,3,0,4,0,0,0,0,3,0,45,15,72,38,0
user_313,8992,1477,255,2255,2406,119,8,1,0,6.088,Great post!,2,2,8,0,0,0,0,0,1,33,5,58,38,0
user_314,4414,1159,192,153,2793,47,8,1,0,3.8085,Thanks for sharing.,3,1,9,0,0,0,0,2,1,46,3,85,69,0
user_315,6448,438,273,2642,2438,72,8,1,1,14.7215,Keep it up!,3,2,5,0,0,0,0,0,0,33,3,6,17,0
user_316,3026,1838,21,4677,2168,8,8,1,0,1.6464,Great post!,2,1,10,0,0,1,0,4,0,39,19,33,7,0
user_317,6102,502,315,655,233,125,8,1,0,12.1554,Keep it up!,3,2,0,0,0,1,0,4,0,47,14,48,91,0
user_318,1055,1736,320,4255,468,55,8,1,0,0.6077,Loved this content.,3,0,3,0,0,1,0,1,1,12,17,85,32,0
user_319,9439,1330,490,3498,612,117,8,1,1,7.097,Great post!,2,0,2,0,0,0,0,4,1,25,17,44,85,0
user_320,2691,1143,312,3377,1470,95,8,1,1,2.3543,Thanks for sharing.,3,2,6,0,0,1,0,4,1,15,19,70,28,0
user_321,6245,1618,286,1,1654,101,8,1,1,3.8597,Keep it up!,3,0,4,0,0,0,0,4,1,8,10,1,39,0
user_322,3735,489,443,3771,1310,9,8,1,0,7.638,Loved this content.,3,0,2,0,0,1,0,2,0,37,8,30,33,0
user_323,5020,238,297,1416,496,123,8,1,0,21.0924,Thanks for sharing.,3,2,9,0,0,0,0,4,1,41,10,5,94,0
user_324,9541,831,45,1857,1605,30,8,1,1,11.4813,Nice picture!,2,2,9,0,0,0,0,5,1,49,13,7,40,0
user_325,8691,134,168,3218,1518,12,8,1,0,64.8582,Amazing work!,2,1,9,0,0,0,0,1,0,27,10,51,19,0
user_326,2265,738,47,3264,2425,21,8,1,0,3.0691,Thanks for sharing.,3,1,2,0,0,0,0,3,1,35,7,63,51,0
user_327,9460,451,292,2649,1172,110,8,1,0,20.9756,Amazing work!,2,2,1,0,0,0,0,5,0,26,14,47,45,0
user_328,3220,706,181,1194,1428,113,8,1,0,4.5609,Amazing work!,2,0,3,0,0,0,0,5,0,23,5,97,94,0
user_329,1505,280,383,112,2723,73,8,1,0,5.375,Nice picture!,2,2,1,0,0,1,0,3,0,30,1,43,27,0
user_330,8914,483,109,150,2427,36,8,1,1,18.4555,Amazing work!,2,2,10,0,0,0,0,2,1,10,2,37,26,0
user_331,4544,158,243,2950,452,69,8,1,0,28.7595,Keep it up!,3,0,0,0,0,1,0,5,1,24,8,49,66,0
user_332,1731,1901,166,4593,943,117,8,1,0,0.9106,Thanks for sharing.,3,2,0,0,0,0,0,1,0,33,10,43,63,0
user_333,6545,1574,85,1934,2982,77,8,1,1,4.1582,Nice picture!,2,2,4,0,0,0,0,5,1,16,13,4,72,0
user_334,4690,511,82,4265,2870,97,8,1,1,9.1781,Loved this content.,3,2,9,0,0,0,0,3,0,15,19,20,55,0
user_335,5218,1913,314,4759,2400,35,8,1,1,2.7277,Loved this content.,3,2,3,0,0,0,0,2,0,44,17,18,56,0
user_336,2478,1393,482,969,1480,136,8,1,0,1.7789,Amazing work!,2,1,2,0,0,0,0,2,0,26,14,39,57,0
user_337,4585,361,403,4961,718,68,8,1,0,12.7008,Great post!,2,2,3,0,0,0,0,1,0,43,1,46,11,0
user_338,7908,324,262,4025,2840,99,8,1,1,24.4074,Amazing work!,2,0,2,0,0,0,0,1,1,2,14,98,2,0
user_339,4521,1996,216,4013,1017,112,8,1,0,2.265,Great post!,2,1,7,0,0,0,0,3,0,25,2,78,95,0
user_340,6332,1524,165,347,2312,116,8,1,0,4.1549,Thanks for sharing.,3,0,8,0,0,1,0,5,0,2,18,50,67,0
user_341,907,438,154,3460,1427,42,8,1,1,2.0708,Thanks for sharing.,3,2,0,0,0,0,0,3,1,41,15,12,93,0
user_342,8302,281,97,204,1790,115,8,1,0,29.5445,Amazing work!,2,1,9,0,0,0,0,3,1,5,9,42,89,0
user_343,2786,1521,380,698,647,92,8,1,0,1.8317,Nice picture!,2,2,6,0,0,0,0,3,1,35,13,6,99,0
user_344,2899,1918,176,3437,844,13,8,1,0,1.5115,Amazing work!,2,1,7,0,0,1,0,5,0,11,4,17,26,0
user_345,157,1325,396,4452,2058,127,8,1,0,0.1185,Loved this content.,3,0,9,0,0,1,0,1,1,13,19,85,61,0
user_346,7534,889,231,1700,1182,142,8,1,0,8.4747,Nice picture!,2,0,2,0,0,0,0,5,1,22,2,19,5,0
user_347,9571,1766,313,1460,539,106,8,1,1,5.4196,Loved this content.,3,2,4,0,0,0,0,3,0,47,19,47,5,0
user_348,1625,1623,158,4509,1732,109,8,1,1,1.0012,Loved this content.,3,1,7,0,0,0,0,0,0,44,9,43,68,0
user_349,6879,1124,112,4333,2686,146,8,1,0,6.1201,Keep it up!,3,1,9,0,0,1,0,3,0,38,11,34,68,0
user_350,9523,1326,186,4992,2308,46,8,1,1,7.1817,Great post!,2,2,4,0,0,0,0,0,1,7,1,60,81,0
user_351,2032,1560,439,4590,1875,89,8,1,1,1.3026,Great post!,2,2,3,0,0,0,0,5,0,12,10,33,9,0
user_352,5142,664,264,2796,205,85,8,1,1,7.744,Amazing work!,2,2,9,0,0,0,0,1,0,12,11,44,87,0
user_353,7949,1926,247,4398,2152,117,8,1,0,4.1272,Nice picture!,2,1,7,0,0,1,0,5,0,3,17,39,73,0
user_354,5269,1187,279,542,2545,90,8,1,0,4.4389,Nice picture!,2,0,4,0,0,0,0,2,1,24,18,22,74,0
user_355,6482,433,309,711,1468,105,8,1,1,14.97,Nice picture!,2,0,5,0,0,1,0,2,0,13,17,39,23,0
user_356,1938,816,406,3953,559,6,8,1,0,2.375,Nice picture!,2,2,2,0,0,0,0,2,1,30,17,40,100,0
user_357,5463,343,398,4279,1020,99,8,1,0,15.9271,Nice picture!,2,0,4,0,0,0,0,5,0,38,3,43,60,0
user_358,855,261,271,2628,272,53,8,1,1,3.2759,Keep it up!,3,0,4,0,0,1,0,4,1,20,15,86,16,0
user_359,4567,355,85,2869,242,138,8,1,0,12.8648,Loved this content.,3,1,4,0,0,0,0,5,0,18,19,32,22,0
user_360,1267,687,318,413,387,120,8,1,1,1.8443,Loved this content.,3,1,0,0,0,0,0,3,0,25,6,91,77,0
user_361,9811,1339,433,1623,2704,85,8,1,1,7.3271,Keep it up!,3,2,8,0,0,0,0,3,1,36,5,12,90,0
user_362,7772,249,238,1177,2107,57,8,1,1,31.2129,Loved this content.,3,2,4,0,0,1,0,3,0,11,11,42,59,0
user_363,8087,111,38,2312,1619,43,8,1,0,72.8559,Thanks for sharing.,3,1,9,0,0,0,0,4,1,6,13,92,14,0
user_364,5439,1188,337,1954,2362,105,8,1,1,4.5783,Nice picture!,2,0,8,0,0,0,0,3,1,24,3,44,27,0
user_365,9782,932,406,4703,2410,19,8,1,1,10.4957,Thanks for sharing.,3,1,1,0,0,1,0,2,0,35,4,57,23,0
user_366,5146,881,40,503,2987,126,8,1,0,5.8411,Amazing work!,2,0,2,0,0,0,0,1,1,42,5,58,69,0
user_367,4875,848,320,2455,981,81,8,1,1,5.7488,Amazing work!,2,2,4,0,0,1,0,5,0,22,3,75,2,0
user_368,8462,877,438,435,435,140,8,1,1,9.6488,Great post!,2,2,8,0,0,1,0,0,1,18,1,31,56,0
user_369,9769,857,325,1730,1843,139,8,1,1,11.3991,Loved this content.,3,0,7,0,0,0,0,1,1,35,13,47,54,0
user_370,2627,640,451,1179,730,4,8,1,0,4.1047,Keep it up!,3,1,10,0,0,1,0,1,0,5,5,83,54,0
user_371,7571,1880,408,3474,2732,130,8,1,1,4.0271,Keep it up!,3,1,6,0,0,1,0,1,0,11,14,78,1,0
user_372,9568,1070,438,4721,2235,139,8,1,0,8.9421,Keep it up!,3,0,0,0,0,1,0,5,1,23,4,75,62,0
user_373,1411,340,378,2008,2084,22,8,1,1,4.15,Keep it up!,3,2,10,0,0,0,0,5,0,40,18,75,40,0
user_374,964,1900,180,4701,2100,120,8,1,0,0.5074,Amazing work!,2,1,6,0,0,1,0,2,1,18,6,5,89,0
user_375,9891,1584,160,4692,431,43,8,1,1,6.2443,Keep it up!,3,2,4,0,0,0,0,2,1,31,3,17,65,0
user_376,1359,1793,406,116,722,65,8,1,1,0.7579,Loved this content.,3,0,9,0,0,0,0,4,1,47,5,85,58,0
user_377,6158,1704,94,271,2166,135,8,1,0,3.6138,Loved this content.,3,0,2,0,0,0,0,3,0,48,14,99,50,0
user_378,3998,1403,230,950,1043,67,8,1,0,2.8496,Keep it up!,3,0,7,0,0,1,0,3,1,19,16,96,97,0
user_379,8824,528,199,3561,2123,135,8,1,1,16.7121,Keep it up!,3,1,7,0,0,1,0,5,1,20,17,88,6,0
user_380,1695,1929,277,2187,1948,69,8,1,1,0.8787,Keep it up!,3,0,4,0,0,1,0,3,1,49,8,94,87,0
user_381,9745,1627,104,86,2955,140,8,1,1,5.9896,Amazing work!,2,0,1,0,0,0,0,3,0,6,17,14,88,0
user_382,7406,769,117,753,1211,6,8,1,1,9.6307,Keep it up!,3,2,10,0,0,0,0,4,0,40,4,91,16,0
user_383,1515,1803,314,1509,2868,28,8,1,1,0.8403,Great post!,2,1,7,0,0,0,0,5,0,29,9,99,55,0
user_384,5398,577,87,492,435,85,8,1,1,9.3553,Nice picture!,2,1,2,0,0,1,0,0,1,31,7,79,51,0
user_385,3023,1371,256,3617,2394,27,8,1,0,2.205,Nice picture!,2,1,1,0,0,0,0,0,1,4,19,94,33,0
user_386,7405,88,464,3198,2854,9,8,1,0,84.1477,Thanks for sharing.,3,0,5,0,0,1,0,4,0,0,17,91,99,0
user_387,8139,1029,228,3949,2392,98,8,1,0,7.9096,Thanks for sharing.,3,2,8,0,0,1,0,2,0,43,10,52,8,0
user_388,1585,798,278,1446,2062,51,8,1,0,1.9862,Loved this content.,3,0,6,0,0,0,0,2,1,44,13,14,81,0
user_389,5986,1046,48,207,956,49,8,1,1,5.7228,Keep it up!,3,2,3,0,0,1,0,3,0,4,18,83,40,0
user_390,8286,1143,499,350,331,86,8,1,0,7.2493,Thanks for sharing.,3,0,3,0,0,1,0,5,1,34,5,95,75,0
user_391,3917,1944,41,1988,2182,11,8,1,0,2.0149,Nice picture!,2,2,2,0,0,0,0,1,0,40,2,40,13,0
user_392,7574,1301,92,516,615,56,8,1,0,5.8217,Amazing work!,2,0,6,0,0,1,0,5,0,43,13,42,16,0
user_393,9536,1167,75,989,366,16,8,1,0,8.1714,Loved this content.,3,0,6,0,0,0,0,5,0,23,18,22,57,0
user_394,4091,1945,302,128,589,40,8,1,0,2.1033,Nice picture!,2,1,1,0,0,0,0,0,1,11,3,91,84,0
user_395,9827,1866,150,4285,699,69,8,1,1,5.2663,Thanks for sharing.,3,1,3,0,0,0,0,4,0,44,2,77,24,0
user_396,8290,1303,491,1930,1604,142,8,1,1,6.3622,Nice picture!,2,0,8,0,0,0,0,4,1,23,18,65,29,0
user_397,7705,1627,325,1222,1312,28,8,1,0,4.7357,Keep it up!,3,1,7,0,0,0,0,1,0,42,2,7,83,0
user_398,6066,633,112,429,1549,26,8,1,1,9.5829,Thanks for sharing.,3,2,2,0,0,0,0,0,1,31,17,15,10,0
user_399,3955,1527,232,1884,1896,83,8,1,1,2.59,Amazing work!,2,0,5,0,0,0,0,0,0,15,14,26,49,0
user_400,3715,200,246,4992,402,55,8,1,1,18.575,Amazing work!,2,0,6,0,0,1,0,1,1,29,7,81,46,0
user_401,4518,464,176,910,2509,34,8,1,0,9.7371,Great post!,2,1,7,0,0,1,0,1,0,48,11,29,38,0
user_402,9989,371,409,4274,2547,105,8,1,0,26.9245,Keep it up!,3,0,9,0,0,1,0,3,0,17,1,94,55,0
user_403,4141,557,172,41,2603,146,8,1,0,7.4345,Thanks for sharing.,3,0,0,0,0,1,0,5,0,49,17,5,55,0
user_404,8801,857,250,4575,2033,21,8,1,0,10.2695,Keep it up!,3,0,6,0,0,0,0,1,1,22,10,31,83,0
user_405,1586,82,250,4781,842,146,8,1,1,19.3415,Keep it up!,3,1,7,0,0,0,0,5,1,25,6,48,81,0
user_406,7707,1491,329,2429,1756,8,8,1,0,5.169,Nice picture!,2,1,9,0,0,0,0,5,1,5,20,43,95,0
user_407,998,1104,489,3812,391,93,8,1,1,0.904,Keep it up!,3,0,5,0,0,1,0,1,0,41,18,91,9,0
user_408,9287,1502,401,3919,1551,29,8,1,0,6.1831,Great post!,2,2,3,0,0,0,0,2,0,22,9,65,88,0
user_409,7029,617,32,4314,1594,128,8,1,1,11.3922,Nice picture!,2,0,7,0,0,1,0,3,1,39,12,87,89,0
user_410,1175,435,461,2362,508,45,8,1,0,2.7011,Thanks for sharing.,3,0,1,0,0,0,0,2,1,7,5,64,20,0
user_411,3446,1116,492,1081,1380,138,8,1,0,3.0878,Keep it up!,3,1,6,0,0,1,0,5,1,41,1,38,25,0
user_412,1131,95,451,3982,1866,83,8,1,1,11.9053,Great post!,2,2,8,0,0,1,0,3,1,19,19,17,40,0
user_413,2913,1666,138,1215,1703,12,8,1,1,1.7485,Great post!,2,1,7,0,0,0,0,4,1,10,18,37,24,0
user_414,2973,1768,367,2593,840,10,8,1,0,1.6816,Keep it up!,3,0,7,0,0,1,0,2,0,11,7,72,91,0
user_415,668,1413,167,4371,1707,41,8,1,0,0.4728,Loved this content.,3,0,0,0,0,1,0,3,1,49,5,59,41,0
user_416,2656,58,383,4699,2831,74,8,1,1,45.7931,Amazing work!,2,0,9,0,0,1,0,2,1,44,4,94,62,0
user_417,756,335,352,3653,1441,56,8,1,0,2.2567,Amazing work!,2,0,5,0,0,0,0,4,0,41,7,75,68,0
user_418,3739,1650,484,715,272,114,8,1,0,2.2661,Loved this content.,3,2,6,0,0,0,0,3,0,20,20,78,66,0
user_419,1018,1910,346,3054,785,98,8,1,1,0.533,Loved this content.,3,1,5,0,0,1,0,2,1,28,18,12,28,0
user_420,7378,1568,217,1143,850,106,8,1,1,4.7054,Thanks for sharing.,3,2,9,0,0,0,0,1,1,13,10,61,68,0
user_421,5595,185,482,3395,542,69,8,1,1,30.2432,Amazing work!,2,2,7,0,0,0,0,1,0,11,13,38,71,0
user_422,8137,136,426,20,2203,6,8,1,1,59.8309,Loved this content.,3,1,4,0,0,1,0,0,1,41,10,54,23,0
user_423,8159,1907,357,4039,296,70,8,1,0,4.2784,Keep it up!,3,0,9,0,0,1,0,4,0,30,19,56,34,0
user_424,7899,1471,423,1334,2279,66,8,1,1,5.3698,Nice picture!,2,0,2,0,0,1,0,3,0,44,5,46,21,0
user_425,966,608,189,629,379,135,8,1,1,1.5888,Thanks for sharing.,3,0,10,0,0,0,0,0,1,38,6,70,42,0
user_426,5280,1743,437,4751,1291,136,8,1,1,3.0293,Keep it up!,3,0,0,0,0,0,0,4,1,18,12,100,63,0
user_427,6850,746,476,1543,1072,56,8,1,0,9.1823,Great post!,2,2,9,0,0,0,0,3,0,29,3,15,17,0
user_428,384,1032,183,2802,749,133,8,1,1,0.3721,Loved this content.,3,2,4,0,0,0,0,5,1,7,8,17,89,0
user_429,2432,1459,121,915,1039,108,8,1,0,1.6669,Loved this content.,3,0,7,0,0,1,0,0,0,12,4,5,85,0
user_430,8512,1264,35,84,1216,77,8,1,0,6.7342,Thanks for sharing.,3,0,1,0,0,0,0,4,0,12,6,86,45,0
user_431,579,235,79,4101,2554,41,8,1,1,2.4638,Keep it up!,3,2,9,0,0,0,0,4,1,36,3,13,75,0
user_432,329,1133,116,35,1334,137,8,1,0,0.2904,Keep it up!,3,2,1,0,0,0,0,4,0,45,16,47,90,0
user_433,9756,429,230,1755,920,108,8,1,0,22.7413,Keep it up!,3,0,6,0,0,0,0,2,1,7,15,15,67,0
user_434,2326,1065,395,4044,2462,83,8,1,1,2.184,Loved this content.,3,1,4,0,0,1,0,4,0,47,10,88,57,0
user_435,3800,1184,213,3010,953,121,8,1,1,3.2095,Loved this content.,3,0,10,0,0,1,0,5,0,6,13,57,67,0
user_436,1492,294,78,530,2598,43,8,1,1,5.0748,Thanks for sharing.,3,0,5,0,0,0,0,4,0,25,4,30,55,0
user_437,8277,620,396,4941,2817,121,8,1,1,13.35,Keep it up!,3,1,7,0,0,1,0,1,1,49,15,14,16,0
user_438,4207,1052,259,558,301,13,8,1,0,3.999,Great post!,2,2,0,0,0,0,0,3,0,38,11,20,39,0
user_439,1678,1606,44,4016,2088,127,8,1,1,1.0448,Keep it up!,3,1,8,0,0,1,0,4,0,34,1,98,5,0
user_440,7151,1852,473,3625,2023,96,8,1,1,3.8612,Nice picture!,2,0,0,0,0,0,0,4,1,42,10,91,22,0
user_441,8152,932,73,4536,2176,125,8,1,1,8.7468,Loved this content.,3,2,9,0,0,1,0,3,0,35,6,65,8,0
user_442,6512,589,258,2625,2706,72,8,1,1,11.056,Amazing work!,2,0,9,0,0,0,0,1,1,23,12,95,75,0
user_443,540,1617,461,2927,1738,88,8,1,1,0.334,Keep it up!,3,1,0,0,0,0,0,1,0,15,10,76,11,0
user_444,1173,1829,161,306,875,83,8,1,1,0.6413,Nice picture!,2,2,6,0,0,1,0,2,0,1,16,76,3,0
user_445,5285,823,297,819,2525,125,8,1,1,6.4216,Thanks for sharing.,3,2,3,0,0,1,0,3,0,32,11,22,79,0
user_446,5007,794,228,1753,2782,137,8,1,1,6.306,Great post!,2,1,0,0,0,1,0,4,0,25,8,80,96,0
user_447,1606,1519,437,4640,2604,17,8,1,0,1.0573,Amazing work!,2,2,7,0,0,1,0,1,1,22,3,84,39,0
user_448,8368,1696,158,4221,999,64,8,1,1,4.934,Thanks for sharing.,3,2,8,0,0,0,0,0,1,40,17,24,74,0
user_449,8278,486,343,490,1277,144,8,1,1,17.0329,Keep it up!,3,0,5,0,0,1,0,1,1,15,5,96,88,0
user_450,5019,1778,227,2186,443,105,8,1,1,2.8228,Thanks for sharing.,3,1,10,0,0,0,0,2,0,43,20,31,52,0
user_451,4007,282,81,4586,1185,124,8,1,0,14.2092,Great post!,2,1,10,0,0,0,0,1,1,10,9,18,4,0
user_452,4333,1667,416,163,2819,124,8,1,0,2.5993,Loved this content.,3,0,5,0,0,1,0,0,0,26,12,86,85,0
user_453,1579,862,487,988,1146,128,8,1,0,1.8318,Keep it up!,3,2,9,0,0,1,0,3,0,5,8,77,16,0
user_454,5234,724,431,875,1146,36,8,1,1,7.2293,Amazing work!,2,0,4,0,0,1,0,3,1,16,19,8,63,0
user_455,8840,817,363,2275,2415,63,8,1,1,10.8201,Nice picture!,2,0,5,0,0,1,0,5,1,23,10,3,83,0
user_456,670,1773,383,3151,2930,141,8,1,0,0.3779,Keep it up!,3,2,5,0,0,0,0,4,0,15,15,50,2,0
user_457,6538,1949,474,1312,549,53,8,1,1,3.3545,Loved this content.,3,1,10,0,0,1,0,5,0,26,2,36,11,0
user_458,8155,1014,382,2137,1910,41,8,1,1,8.0424,Thanks for sharing.,3,0,5,0,0,1,0,4,0,46,18,95,42,0
user_459,7526,1473,19,25,2761,34,8,1,0,5.1093,Nice picture!,2,0,10,0,0,1,0,2,1,36,3,15,21,0
user_460,4189,1107,370,3698,2613,81,8,1,0,3.7841,Keep it up!,3,2,2,0,0,1,0,1,1,43,19,42,37,0
user_461,3354,222,217,1838,1791,146,8,1,0,15.1081,Loved this content.,3,0,8,0,0,0,0,0,1,29,7,34,90,0
user_462,2864,151,210,3014,2639,22,8,1,1,18.9669,Amazing work!,2,2,1,0,0,0,0,5,1,33,14,99,59,0
user_463,8196,292,119,3129,960,126,8,1,0,28.0685,Keep it up!,3,1,3,0,0,0,0,2,1,46,7,54,24,0
user_464,6793,1672,79,2034,1252,115,8,1,1,4.0628,Nice picture!,2,2,10,0,0,1,0,0,0,0,16,18,42,0
user_465,6613,1456,113,4562,1913,24,8,1,1,4.5419,Keep it up!,3,0,5,0,0,0,0,3,1,22,20,86,77,0
user_466,845,60,134,1083,1419,94,8,1,1,14.0833,Amazing work!,2,2,0,0,0,0,0,2,1,10,17,64,44,0
user_467,7769,320,50,361,760,80,8,1,1,24.2781,Loved this content.,3,1,4,0,0,1,0,3,1,18,9,79,98,0
user_468,4421,1108,165,4552,1472,38,8,1,0,3.9901,Thanks for sharing.,3,2,10,0,0,1,0,0,1,12,5,7,30,0
user_469,3100,123,245,334,2093,126,8,1,0,25.2033,Loved this content.,3,1,8,0,0,1,0,3,1,31,4,93,19,0
user_470,2125,765,52,2234,919,130,8,1,1,2.7778,Great post!,2,2,9,0,0,0,0,4,0,0,17,99,74,0
user_471,3058,902,476,212,2220,84,8,1,0,3.3902,Nice picture!,2,2,10,0,0,0,0,3,0,23,19,14,42,0
user_472,2619,109,46,2698,2039,1,8,1,1,24.0275,Thanks for sharing.,3,0,10,0,0,1,0,2,1,46,19,17,28,0
user_473,897,1691,334,758,407,97,8,1,1,0.5305,Loved this content.,3,1,2,0,0,0,0,3,0,5,1,27,21,0
user_474,6465,1646,211,2540,673,110,8,1,0,3.9277,Loved this content.,3,2,9,0,0,0,0,2,1,42,4,48,66,0
user_475,3374,1052,233,3016,1279,108,8,1,1,3.2072,Thanks for sharing.,3,0,6,0,0,1,0,0,1,2,17,44,60,0
user_476,3773,1376,356,3582,2208,119,8,1,0,2.742,Keep it up!,3,1,4,0,0,0,0,1,0,43,10,32,67,0
user_477,7107,655,296,3383,364,108,8,1,0,10.8504,Nice picture!,2,1,10,0,0,1,0,2,0,16,19,11,99,0
user_478,8348,83,63,370,915,100,8,1,1,100.5783,Keep it up!,3,1,4,0,0,1,0,4,0,46,15,97,86,0
user_479,7471,1327,418,4948,946,20,8,1,1,5.63,Loved this content.,3,2,1,0,0,1,0,4,0,1,1,51,15,0
user_480,317,401,340,3235,1839,92,8,1,1,0.7905,Thanks for sharing.,3,1,1,0,0,0,0,1,1,0,7,15,3,0
user_481,3183,1809,18,3569,2836,61,8,1,1,1.7595,Great post!,2,2,8,0,0,0,0,0,0,19,15,19,61,0
user_482,7012,94,64,3682,2003,5,8,1,0,74.5957,Great post!,2,0,3,0,0,1,0,4,1,25,2,43,2,0
user_483,1782,1341,438,4881,1882,148,8,1,1,1.3289,Keep it up!,3,2,4,0,0,0,0,3,1,25,16,66,76,0
user_484,8093,524,370,2194,1908,16,8,1,0,15.4447,Nice picture!,2,2,6,0,0,1,0,0,1,31,20,83,45,0
user_485,7445,1478,228,3589,1359,88,8,1,0,5.0372,Nice picture!,2,2,3,0,0,1,0,4,0,45,15,17,38,0
user_486,6495,903,431,2313,2114,53,8,1,1,7.1927,Keep it up!,3,2,1,0,0,1,0,1,0,11,7,21,78,0
user_487,8163,256,411,385,1423,142,8,1,1,31.8867,Thanks for sharing.,3,1,4,0,0,1,0,5,0,10,6,65,5,0
user_488,1143,741,225,2787,674,66,8,1,0,1.5425,Nice picture!,2,1,0,0,0,1,0,1,0,44,17,78,86,0
user_489,1806,1496,30,4607,634,26,8,1,1,1.2072,Thanks for sharing.,3,2,1,0,0,0,0,5,0,7,7,47,21,0
user_490,4886,1500,231,2741,586,93,8,1,1,3.2573,Amazing work!,2,0,1,0,0,0,0,3,0,26,1,32,61,0
user_491,5692,637,263,2954,1269,106,8,1,0,8.9356,Great post!,2,2,3,0,0,0,0,4,1,26,8,18,55,0
user_492,6873,1930,214,4238,301,2,8,1,1,3.5611,Thanks for sharing.,3,0,1,0,0,1,0,2,1,25,6,56,8,0
user_493,6543,1604,23,2422,2533,133,8,1,0,4.0792,Keep it up!,3,1,10,0,0,1,0,5,0,47,11,45,2,0
user_494,4683,1893,275,4459,1834,52,8,1,0,2.4739,Amazing work!,2,2,10,0,0,1,0,5,1,22,13,100,26,0
user_495,5040,222,23,2325,1777,138,8,1,1,22.7027,Amazing work!,2,0,8,0,0,1,0,4,0,21,6,3,4,0
user_496,8946,1263,137,3055,1911,15,8,1,1,7.0831,Great post!,2,2,8,0,0,1,0,0,0,3,4,58,39,0
user_497,9478,1559,7,2330,1147,76,8,1,1,6.0795,Thanks for sharing.,3,2,9,0,0,0,0,5,0,24,17,95,32,0
user_498,1824,721,269,3487,1659,37,8,1,0,2.5298,Amazing work!,2,1,1,0,0,0,0,0,1,27,5,61,28,0
user_499,7409,209,194,4786,2589,67,8,1,1,35.4498,Keep it up!,3,2,6,0,0,1,0,5,1,31,14,21,19,0
